sr_no,dataset_ID,Temperature_K,Pressure_Pa,Phi,Fuel_list,Fuel_total,Bathgas_list,Bathgas_total,target_type,observed,obs_unit,X_AR,X_MB-C5H10O2,X_O2
1,ign_BUTANOATE_phi_1_IGN_PHI_0_25_P_1,1580.128306,100000,0.25,MB-C5H10O2,0.01,AR,0.73,Tig,21.92,us,0.73,0.01,0.26
2,ign_BUTANOATE_phi_1_IGN_PHI_0_25_P_1,1506.841058,100000,0.25,MB-C5H10O2,0.01,AR,0.73,Tig,47.12,us,0.73,0.01,0.26
3,ign_BUTANOATE_phi_1_IGN_PHI_0_25_P_1,1442.21062,100000,0.25,MB-C5H10O2,0.01,AR,0.73,Tig,72.3,us,0.73,0.01,0.26
4,ign_BUTANOATE_phi_1_IGN_PHI_0_25_P_1,1374.967345,100000,0.25,MB-C5H10O2,0.01,AR,0.73,Tig,163.71,us,0.73,0.01,0.26
5,ign_BUTANOATE_phi_1_IGN_PHI_0_25_P_1,1324.345442,100000,0.25,MB-C5H10O2,0.01,AR,0.73,Tig,405.93,us,0.73,0.01,0.26
6,ign_BUTANOATE_phi_1_IGN_PHI_0_25_P_1,1287.813422,100000,0.25,MB-C5H10O2,0.01,AR,0.73,Tig,872.66,us,0.73,0.01,0.26
7,ign_BUTANOATE_phi_1_IGN_PHI_0_25_P_4,1568.332236,400000,0.25,MB-C5H10O2,0.01,AR,0.73,Tig,14.95,us,0.73,0.01,0.26
8,ign_BUTANOATE_phi_1_IGN_PHI_0_25_P_4,1472.840815,400000,0.25,MB-C5H10O2,0.01,AR,0.73,Tig,25.28,us,0.73,0.01,0.26
9,ign_BUTANOATE_phi_1_IGN_PHI_0_25_P_4,1401.915016,400000,0.25,MB-C5H10O2,0.01,AR,0.73,Tig,74.2,us,0.73,0.01,0.26
10,ign_BUTANOATE_phi_1_IGN_PHI_0_25_P_4,1368.531976,400000,0.25,MB-C5H10O2,0.01,AR,0.73,Tig,102.63,us,0.73,0.01,0.26
11,ign_BUTANOATE_phi_1_IGN_PHI_0_25_P_4,1292.774682,400000,0.25,MB-C5H10O2,0.01,AR,0.73,Tig,308.13,us,0.73,0.01,0.26
12,ign_BUTANOATE_phi_1_IGN_PHI_1_P_1,1601.896646,100000,1,MB-C5H10O2,0.01,AR,0.925,Tig,64.3,us,0.925,0.01,0.065
13,ign_BUTANOATE_phi_1_IGN_PHI_1_P_1,1541.544628,100000,1,MB-C5H10O2,0.01,AR,0.925,Tig,99.68,us,0.925,0.01,0.065
14,ign_BUTANOATE_phi_1_IGN_PHI_1_P_1,1488.294563,100000,1,MB-C5H10O2,0.01,AR,0.925,Tig,139.73,us,0.925,0.01,0.065
15,ign_BUTANOATE_phi_1_IGN_PHI_1_P_1,1402.40653,100000,1,MB-C5H10O2,0.01,AR,0.925,Tig,331.48,us,0.925,0.01,0.065
16,ign_BUTANOATE_phi_1_IGN_PHI_1_P_1,1371.873842,100000,1,MB-C5H10O2,0.01,AR,0.925,Tig,553.73,us,0.925,0.01,0.065
17,ign_BUTANOATE_phi_1_IGN_PHI_1_P_4,1573.638409,400000,1,MB-C5H10O2,0.01,AR,0.925,Tig,37.87,us,0.925,0.01,0.065
18,ign_BUTANOATE_phi_1_IGN_PHI_1_P_4,1497.185292,400000,1,MB-C5H10O2,0.01,AR,0.925,Tig,63.67,us,0.925,0.01,0.065
19,ign_BUTANOATE_phi_1_IGN_PHI_1_P_4,1402.386862,400000,1,MB-C5H10O2,0.01,AR,0.925,Tig,189.61,us,0.925,0.01,0.065
20,ign_BUTANOATE_phi_1_IGN_PHI_1_P_4,1377.827992,400000,1,MB-C5H10O2,0.01,AR,0.925,Tig,236.46,us,0.925,0.01,0.065
21,ign_BUTANOATE_phi_1_IGN_PHI_1_5_P_1,1651.582216,100000,1.5,MB-C5H10O2,0.015,AR,0.92,Tig,60.13,us,0.92,0.015,0.065
22,ign_BUTANOATE_phi_1_IGN_PHI_1_5_P_1,1586.420243,100000,1.5,MB-C5H10O2,0.015,AR,0.92,Tig,73.08,us,0.92,0.015,0.065
23,ign_BUTANOATE_phi_1_IGN_PHI_1_5_P_1,1482.865489,100000,1.5,MB-C5H10O2,0.015,AR,0.92,Tig,184.81,us,0.92,0.015,0.065
24,ign_BUTANOATE_phi_1_IGN_PHI_1_5_P_1,1384.773036,100000,1.5,MB-C5H10O2,0.015,AR,0.92,Tig,560.08,us,0.92,0.015,0.065
25,ign_BUTANOATE_phi_1_IGN_PHI_1_5_P_4,1639.156162,400000,1.5,MB-C5H10O2,0.015,AR,0.92,Tig,20.85,us,0.92,0.015,0.065
26,ign_BUTANOATE_phi_1_IGN_PHI_1_5_P_4,1530.292133,400000,1.5,MB-C5H10O2,0.015,AR,0.92,Tig,50.51,us,0.92,0.015,0.065
27,ign_BUTANOATE_phi_1_IGN_PHI_1_5_P_4,1483.3274,400000,1.5,MB-C5H10O2,0.015,AR,0.92,Tig,81.13,us,0.92,0.015,0.065
28,ign_BUTANOATE_phi_1_IGN_PHI_1_5_P_4,1403.03617,400000,1.5,MB-C5H10O2,0.015,AR,0.92,Tig,183.12,us,0.92,0.015,0.065
29,ign_BUTANOATE_phi_1_IGN_PHI_1_5_P_4,1380.719631,400000,1.5,MB-C5H10O2,0.015,AR,0.92,Tig,262.75,us,0.92,0.015,0.065
30,ign_BUTANOATE_phi_1_IGN_PHI_1_5_P_4,1325.486454,400000,1.5,MB-C5H10O2,0.015,AR,0.92,Tig,519.74,us,0.92,0.015,0.065
31,ing_Ethyl_Butanoate,684.32,3031000,0.9997543,MB-C5H10O2,0.0313,AR,0.7652,Tig,120978,us,0.7652,0.0313,0.2035
32,ing_Ethyl_Butanoate,698.71,3024000,0.9997543,MB-C5H10O2,0.0313,AR,0.7652,Tig,85520,us,0.7652,0.0313,0.2035
33,ing_Ethyl_Butanoate,719.03,2978000,0.9997543,MB-C5H10O2,0.0313,AR,0.7652,Tig,54544,us,0.7652,0.0313,0.2035
34,ing_Ethyl_Butanoate,740.79,2962000,0.9997543,MB-C5H10O2,0.0313,AR,0.7652,Tig,46404,us,0.7652,0.0313,0.2035
35,ing_Ethyl_Butanoate,762.34,2940000,0.9997543,MB-C5H10O2,0.0313,AR,0.7652,Tig,47990,us,0.7652,0.0313,0.2035
36,ing_Ethyl_Butanoate,794.22,2965000,0.9997543,MB-C5H10O2,0.0313,AR,0.7652,Tig,58972,us,0.7652,0.0313,0.2035
37,ing_Ethyl_Butanoate,806.6,3003000,0.9997543,MB-C5H10O2,0.0313,AR,0.7652,Tig,54024,us,0.7652,0.0313,0.2035
38,ing_Ethyl_Butanoate,820.07,2945000,0.9997543,MB-C5H10O2,0.0313,AR,0.7652,Tig,52008,us,0.7652,0.0313,0.2035
39,ing_Butanoate,832.82,3000000,0.9997543,MB-C5H10O2,0.0313,AR,0.7652,Tig,57700,us,0.7652,0.0313,0.2035
40,ing_Butanoate,845.45,3000000,0.9997543,MB-C5H10O2,0.0313,AR,0.7652,Tig,37400,us,0.7652,0.0313,0.2035
41,ing_Butanoate,858.77,3000000,0.9997543,MB-C5H10O2,0.0313,AR,0.7652,Tig,21600,us,0.7652,0.0313,0.2035
42,ing_Butanoate,869.05,3000000,0.9997543,MB-C5H10O2,0.0313,AR,0.7652,Tig,12600,us,0.7652,0.0313,0.2035
43,ing_Butanoate,881.23,3000000,0.9997543,MB-C5H10O2,0.0313,AR,0.7652,Tig,10000,us,0.7652,0.0313,0.2035
44,ing_Butanoate,895.8,3000000,0.9997543,MB-C5H10O2,0.0313,AR,0.7652,Tig,5700,us,0.7652,0.0313,0.2035
45,ing_Butanoate,908.54,3000000,0.9997543,MB-C5H10O2,0.0313,AR,0.7652,Tig,4400,us,0.7652,0.0313,0.2035
